﻿<?xml version="1.0" encoding="utf-8" ?>
<profileset ver="11">
  <main>
    <name>
      AAC - MPEG4-Advanced Audio Coding
    </name>
    <desc>
      MPEG4-AAC is a standardized, lossy compression and encoding scheme for digital audio
    </desc>
    <sname>
      AAC
    </sname>
    <format>
      aac
    </format>
    <extname>
      aac
    </extname>
  </main>
  <Parameter>
    <audio>
      <acodec name="MPEG4-AAC" codec="aac">
        <bits_per_sample value="16">
          <sample_rate value="8000">
            <channel value="1" >
              <bitrate value="8,16,24,32,40,48"/>
            </channel>
            <channel value="2" >
              <bitrate value="16,32,48,64,80,96"/>
            </channel>
          </sample_rate>
          <sample_rate value="11025">
            <channel value="1" >
              <bitrate value="8,16,24,32,40,48,56,64"/>
            </channel>
            <channel value="2" >
              <bitrate value="16,32,48,64,80,96,112,128"/>
            </channel>
          </sample_rate>
          <sample_rate value="16000">
            <channel value="1" >
              <bitrate value="8,16,24,32,40,48,56,64,80,96"/>
            </channel>
            <channel value="2" >
              <bitrate value="16,32,48,64,80,96,112,128,160,192"/>
            </channel>
          </sample_rate>
          <sample_rate value="22050">
            <channel value="1" >
              <bitrate value="8,16,24,32,40,48,56,64,80,96,112,128"/>
            </channel>
            <channel value="2" >
              <bitrate value="16,32,48,64,80,96,112,128,160,192,224,256"/>
            </channel>
          </sample_rate>
          <sample_rate value="24000">
            <channel value="1" >
              <bitrate value="8,16,24,32,40,48,56,64,80,96,112,128"/>
            </channel>
            <channel value="2" >
              <bitrate value="16,32,48,64,80,96,112,128,160,192,224,256"/>
            </channel>
          </sample_rate>
          <sample_rate value="32000">
            <channel value="1" >
              <bitrate value="8,16,24,32,40,48,56,64,80,96,112,128"/>
            </channel>
            <channel value="2" >
              <bitrate value="16,32,48,64,80,96,112,128,160,192,224,256"/>
            </channel>
          </sample_rate>
          <sample_rate value="44100">
            <channel value="1" >
              <bitrate value="8,16,24,32,40,48,56,64,80,96,112,128"/>
            </channel>
            <channel value="2" >
              <bitrate value="16,32,48,64,80,96,112,128,160,192,224,256"/>
            </channel>
          </sample_rate>
          <sample_rate value="48000">
            <channel value="1" >
              <bitrate value="8,16,24,32,40,48,56,64,80,96,112,128"/>
            </channel>
            <channel value="2" >
              <bitrate value="16,32,48,64,80,96,112,128,160,192,224,256"/>
            </channel>
          </sample_rate>
        </bits_per_sample>  
      </acodec>
    </audio>
  </Parameter>
  <profiles>
  	<profile name="MPEG4-AAC - Normal Quality( 44100 Hz, stereo , 192 kbps )" guid="690AD0A8-3CDD-0101-0000-915B84D90AE7">
      <audio codec="aac" bitrate="192" bitraterange="96,128,192,224,256" channel="2" sample_rate="44100" />
    </profile>
    <profile name="MPEG4-AAC - High Quality( 48000 Hz, stereo , 256 kbps  )" guid="690AD0A8-3CDD-0101-0001-915B84D90AE7">
      <audio codec="aac" bitrate="256" bitraterange="128,160,192,224,256" channel="2" sample_rate="48000" />
    </profile> 
    <profile name="MPEG4-AAC - Good Quality( 44100 Hz, stereo , 256 kbps  )" guid="690AD0A8-3CDD-0101-0002-915B84D90AE7">
      <audio codec="aac" bitrate="256" bitraterange="128,160,192,224,256" channel="2" sample_rate="44100" />
    </profile> 
    <profile name="MPEG4-AAC - Low Quality( 44100 Hz, stereo , 128 kbps )" guid="690AD0A8-3CDD-0101-0003-915B84D90AE7">
      <audio codec="aac" bitrate="128" bitraterange="64,96,128,192,224" channel="2" sample_rate="44100" />
    </profile>
  </profiles>
   

</profileset>
