﻿<?xml version="1.0" encoding="utf-8" ?>
<profileset ver="12">
  <main>
    <desc>a file format for lossless audio data compression.</desc>
    <extname>ape</extname>
    <format>ape</format>
    <name>APE - Monkey's Audio</name>
    <sname>APE</sname>
  </main>
  <Parameter>
    <audio>
      <acodec name="APE" codec="ape">
        <bits_per_sample value="16">
          <sample_rate value="16000">
            <channel value="2" >
              <bitrate value="600"/>
            </channel>
          </sample_rate>
          <sample_rate value="22050">
            <channel value="2" >
              <bitrate value="600"/>
            </channel>
          </sample_rate>
          <sample_rate value="32000">
            <channel value="2" >
              <bitrate value="600"/>
            </channel>
          </sample_rate>
          <sample_rate value="44100">
            <channel value="2" >
              <bitrate value="600"/>
            </channel>
          </sample_rate>
          <sample_rate value="48000">
            <channel value="2" >
              <bitrate value="600"/>
            </channel>
          </sample_rate>
          <sample_rate value="72000">
            <channel value="2" >
              <bitrate value="600"/>
            </channel>
          </sample_rate>
          <sample_rate value="96000">
            <channel value="2" >
              <bitrate value="600"/>
            </channel>
          </sample_rate>
        </bits_per_sample>
      </acodec>
    </audio>
  </Parameter>
  <profiles>
    <profile name="APE - Normal Quality( 44100 Hz, stereo , 600 kbps )" guid="690AD0A8-3CDD-A002-0000-915B84D90AE7">
      <audio codec="ape" bitrate="600" bitraterange="600,600,600,600,600" channel="2" sample_rate="44100" />
    </profile>
  </profiles>

</profileset>
