﻿<?xml version="1.0" encoding="utf-8" ?>
<profileset ver="11">
  <main>
    <name>
      M4R - Apple iPhone ringtone format
    </name>
    <desc>
       M4R is the standard file format for Apple iPhone ringtones.
    </desc>
    <sname>
      M4R
    </sname>
    <format>
      m4r
    </format>
    <extname>
      m4r
    </extname>
  </main>
  <Parameter>
    <audio>
      <acodec name="M4R" codec="m4r">
        <bits_per_sample value="16">
          <sample_rate value="8000">
            <channel value="1" >
              <bitrate value="8,16,24,32,40,48"/>
            </channel>
            <channel value="2" >
              <bitrate value="16,32,48,64,80,96"/>
            </channel>
          </sample_rate>
          <sample_rate value="11025">
            <channel value="1" >
              <bitrate value="8,16,24,32,40,48,56,64"/>
            </channel>
            <channel value="2" >
              <bitrate value="16,32,48,64,80,96,112,128"/>
            </channel>
          </sample_rate>
          <sample_rate value="16000">
            <channel value="1" >
              <bitrate value="8,16,24,32,40,48,56,64,80,96"/>
            </channel>
            <channel value="2" >
              <bitrate value="16,32,48,64,80,96,112,128,160,192"/>
            </channel>
          </sample_rate>
          <sample_rate value="22050">
            <channel value="1" >
              <bitrate value="8,16,24,32,40,48,56,64,80,96,112,128"/>
            </channel>
            <channel value="2" >
              <bitrate value="16,32,48,64,80,96,112,128,160,192,224,256"/>
            </channel>
          </sample_rate>
          <sample_rate value="24000">
            <channel value="1" >
              <bitrate value="8,16,24,32,40,48,56,64,80,96,112,128"/>
            </channel>
            <channel value="2" >
              <bitrate value="16,32,48,64,80,96,112,128,160,192,224,256"/>
            </channel>
          </sample_rate>
          <sample_rate value="32000">
            <channel value="1" >
              <bitrate value="8,16,24,32,40,48,56,64,80,96,112,128"/>
            </channel>
            <channel value="2" >
              <bitrate value="16,32,48,64,80,96,112,128,160,192,224,256"/>
            </channel>
          </sample_rate>
          <sample_rate value="44100">
            <channel value="1" >
              <bitrate value="8,16,24,32,40,48,56,64,80,96,112,128"/>
            </channel>
            <channel value="2" >
              <bitrate value="16,32,48,64,80,96,112,128,160,192,224,256"/>
            </channel>
          </sample_rate>
          <sample_rate value="48000">
            <channel value="1" >
              <bitrate value="8,16,24,32,40,48,56,64,80,96,112,128"/>
            </channel>
            <channel value="2" >
              <bitrate value="16,32,48,64,80,96,112,128,160,192,224,256"/>
            </channel>
          </sample_rate>
        </bits_per_sample>  
      </acodec>
    </audio>
  </Parameter>
  <profiles>
  	<profile name="M4R - Apple iPhone( 44100 Hz, stereo , 192 kbps )" guid="690AD0A8-3CDD-A006-0000-915B84D90AE7">
      <audio codec="m4r" bitrate="192" bitraterange="96,128,192,224,256" channel="2" sample_rate="44100" />
    </profile>
  </profiles>
   

</profileset>
