﻿<?xml version="1.0" encoding="utf-8" ?>
<profileset ver="11">
  <main>
    <name>
      MP3 - MPEG-1 Audio Layer 3
    </name>
    <desc>
      a common audio format for consumer audio storage, as well as a de facto standard of digital audio compression for the transfer and playback of music on digital audio players 
    </desc>
    <sname>
      MP3
    </sname>
    <format>
      mp3
    </format>
    <extname>
      mp3
    </extname>
  </main>
  <Parameter>
    <audio>
      <acodec name="MP3" codec="mp3">
        <bits_per_sample value="16">
          <sample_rate value="8000">
            <channel value="1" >
              <bitrate value="32,40,48,56,64,80,96,112,128,160"/>
            </channel>
            <channel value="2" >
              <bitrate value="32,40,48,56,64,80,96,112,128,160"/>
            </channel>
          </sample_rate>
          <sample_rate value="16000">
            <channel value="1" >
              <bitrate value="32,40,48,56,64,80,96,112,128,160"/>
            </channel>
            <channel value="2" >
              <bitrate value="32,40,48,56,64,80,96,112,128,160"/>
            </channel>
          </sample_rate>
          <sample_rate value="22050">
            <channel value="1" >
              <bitrate value="32,40,48,56,64,80,96,112,128,160"/>
            </channel>
            <channel value="2" >
              <bitrate value="32,40,48,56,64,80,96,112,128,160"/>
            </channel>
          </sample_rate>
          <sample_rate value="32000">
            <channel value="1" >
              <bitrate value="32,40,48,56,64,80,96,112,128,160,192,224,256,320"/>
            </channel>
            <channel value="2" >
              <bitrate value="32,40,48,56,64,80,96,112,128,160,192,224,256,320"/>
            </channel>
          </sample_rate>
          <sample_rate value="44100">
            <channel value="1" >
              <bitrate value="32,40,48,56,64,80,96,112,128,160,192,224,256,320"/>
            </channel>
            <channel value="2" >
              <bitrate value="32,40,48,56,64,80,96,112,128,160,192,224,256,320"/>
            </channel>
          </sample_rate>
          <sample_rate value="48000">
            <channel value="1" >
              <bitrate value="32,40,48,56,64,80,96,112,128,160,192,224,256,320"/>
            </channel>
            <channel value="2" >
              <bitrate value="32,40,48,56,64,80,96,112,128,160,192,224,256,320"/>
            </channel>
          </sample_rate>
        </bits_per_sample>  
      </acodec>
    </audio>
  </Parameter>
  <profiles>
  	<profile name="MP3 - Normal Quality( 44100 Hz, stereo , 128 kbps )" guid="690AD0A8-3CDD-0004-0000-915B84D90AE7">
      <audio codec="mp3" bitrate="128" bitraterange="64,96,128,192,224" channel="2" sample_rate="44100" />
    </profile>
    <profile name="MP3 - High Quality( 48000 Hz, stereo , 320 kbps  )" guid="690AD0A8-3CDD-0004-0001-915B84D90AE7">
      <audio codec="mp3" bitrate="320" bitraterange="128,192,224,256,320" channel="2" sample_rate="48000" />
    </profile>  
    <profile name="MP3 - Low Quality( 22050 Hz, stereo , 64 kbps )" guid="690AD0A8-3CDD-0004-0002-915B84D90AE7">
      <audio codec="mp3" bitrate="64" bitraterange="32,48,64,96,128" channel="2" sample_rate="22050" />
    </profile>
  </profiles>
   

</profileset>
