﻿<?xml version="1.0" encoding="utf-8" ?>
<profileset ver="12">
  <main>
    <name>
      VCD - Video Compact Disc
    </name>
    <desc>
      a standard digital format for storing video on a Compact Disc
    </desc>
    <sname>
      VCD
    </sname>
    <format>
      vcd
    </format>
    <extname>
      mpg
    </extname>
  </main>
  <Parameter>
    <video>
      <vcodec name="MPEG1" codec="mpeg1video" >
        <bitrate value="1150" />
        <framerate value="25,29.97" />
        <framesize value="352x288,352x240" />
        <aspect value="Auto,4:3,16:9" />
      </vcodec>
    </video>
    <audio>
      <acodec name="MP2" codec="mp2">
        <bits_per_sample value="16">
          <sample_rate value="44100">
            <channel value="2" >
              <bitrate value="224"/>
            </channel>
          </sample_rate>
        </bits_per_sample>
      </acodec>
    </audio>
  </Parameter>
  <profiles>
    <profile name="VCD PAL Standard Play( Video: MPEG1,1150 kbps,25 fps;  Audio: MP2, 224 kbps )" guid="00000000-3CDD-0005-0000-915B84D90AE7">
      <video codec="mpeg1video" framesize="352x288" framerate="25" bitrate="1150" aspectratio="Auto"  bitraterange="1150,1150,1150,1150,1150" standard="pal"/>
      <audio codec="mp2" bitrate="224" bitraterange="224" channel="2" sample_rate="44100" />
    </profile>
    <profile name="VCD NTSC Standard Play( Video: MPEG1,1150 kbps,29.97 fps;  Audio: MP2, 224 kbps )" guid="00000000-3CDD-0005-0001-915B84D90AE7">
      <video codec="mpeg1video" framesize="352x240" framerate="29.97" bitrate="1150" aspectratio="Auto"  bitraterange="1150,1150,1150,1150,1150" standard="ntsc"/>
      <audio codec="mp2" bitrate="224" bitraterange="224" channel="2" sample_rate="44100" />
    </profile>
  </profiles>


</profileset>