﻿<?xml version="1.0" encoding="utf-8" ?>
<profileset ver="11">
  <main>
    <name>
      WMA - Windows Media Audio
    </name>
    <desc>
      an audio data compression technology developed by Microsoft
    </desc>
    <sname>
      WMA
    </sname>
    <format>
      wma
    </format>
    <extname>
      wma
    </extname>
  </main>
  <Parameter>
    <audio>
      <acodec name="Windows Media Audio 9.2" codec="Windows Media Audio 9.2">
        <bits_per_sample value="16">
          <sample_rate value="8000">
            <channel value="1" >
              <bitrate value="5,6,8"/>
            </channel>
            <channel value="2" >
              <bitrate value="12"/>
            </channel>
          </sample_rate>
          <sample_rate value="11025">
            <channel value="1" >
              <bitrate value="8,10"/>
            </channel>
          </sample_rate>
          <sample_rate value="16000">
            <channel value="1" >
              <bitrate value="10,12,16"/>
            </channel>
            <channel value="2" >
              <bitrate value="16,20"/>
            </channel>
          </sample_rate>
          <sample_rate value="22050">
            <channel value="1" >
              <bitrate value="16,20"/>
            </channel>
            <channel value="2" >
              <bitrate value="20,22,32"/>
            </channel>
          </sample_rate>
          <sample_rate value="32000">
            <channel value="1" >
              <bitrate value="20"/>
            </channel>
            <channel value="2" >
              <bitrate value="24,32,40,48"/>
            </channel>
          </sample_rate>
          <sample_rate value="44100">
            <channel value="1" >
              <bitrate value="20,32,48"/>
            </channel>
            <channel value="2" >
              <bitrate value="32,48,64,80,96,128,160,192,256,320"/>
            </channel>
          </sample_rate>
          <sample_rate value="48000">
            <channel value="2" >
              <bitrate value="63,64,95,96,127,128,160,191,192"/>
            </channel>
          </sample_rate>
        </bits_per_sample>  
      </acodec>
    </audio>
  </Parameter>
  <profiles>
    <profile name="Windows Media Audio 9.2 - Normal Quality( 44100 Hz, stereo , 192 kbps )" guid="690AD0A8-3CDD-0106-0000-915B84D90AE7">
      <audio codec="Windows Media Audio 9.2" bitrate="192" bitraterange="64,128,192,256,320" channel="2" sample_rate="44100" />
    </profile>
    <profile name="Windows Media Audio 9.2 - Best Quality( 44100 Hz, stereo , 320 kbps )" guid="690AD0A8-3CDD-0106-0001-915B84D90AE7">
      <audio codec="Windows Media Audio 9.2" bitrate="320" bitraterange="64,128,192,256,320" channel="2" sample_rate="44100" />
    </profile>
    <profile name="Windows Media Audio 9.2 - Low Quality( 44100 Hz, stereo , 128 kbps )" guid="690AD0A8-3CDD-0106-0002-915B84D90AE7">
      <audio codec="Windows Media Audio 9.2" bitrate="128" bitraterange="64,96,128,192,256" channel="2" sample_rate="44100" />
    </profile>
  </profiles>
 

</profileset>
